{
  "hue": 0.2900000000000007,
  "brightness": 100,
  "language": "en",
  "saved_at": 1772032071.7527344
}